realm,date,time,status,event
"regular","27 JUL mon","17:00","ENDS","Summon Mastery"
"regular","27 JUL mon","17:00","ENDS","Clash of Kingdoms"
"regular","27 JUL mon","17:00","ENDS","Conquerors' Revival"
"regular","27 JUL mon","17:00","ENDS","Thirst for Battle"
"regular","27 JUL mon","17:00","ENDS","Trial of the Chimera"
"regular","27 JUL mon","17:00","CONTINUE","SEASONAL KINGDOM"
"regular","27 JUL mon","17:00","CONTINUE","Triumphal Challenge!"
"regular","27 JUL mon","17:00","CONTINUE","TRIALS OF OLYMPUS"
"regular","27 JUL mon","17:00","CONTINUE","Hellforge"
"regular","27 JUL mon","17:00","STARTS","Pharaoh's Bazaar"
"regular","27 JUL mon","17:00","STARTS","Summon Mastery"
"regular","27 JUL mon","17:00","STARTS","Immortal Essence"
"regular","27 JUL mon","17:00","STARTS","Pursuit of Evolution"
"regular","27 JUL mon","17:00","STARTS","The Great Hunt"
"regular","27 JUL mon","17:00","STARTS","Trial of the Basilisk"
"regular","28 JUL tue","17:00","ENDS","Hellforge"
"regular","28 JUL tue","17:00","ENDS","Immortal Essence"
"regular","28 JUL tue","17:00","ENDS","Pursuit of Evolution"
"regular","28 JUL tue","17:00","ENDS","The Great Hunt"
"regular","28 JUL tue","17:00","ENDS","Trial of the Basilisk"
"regular","28 JUL tue","17:00","CONTINUE","SEASONAL KINGDOM"
"regular","28 JUL tue","17:00","CONTINUE","Triumphal Challenge!"
"regular","28 JUL tue","17:00","CONTINUE","TRIALS OF OLYMPUS"
"regular","28 JUL tue","17:00","CONTINUE","Pharaoh's Bazaar"
"regular","28 JUL tue","17:00","CONTINUE","Summon Mastery"
"regular","28 JUL tue","17:00","STARTS","Sealed in Flame"
"regular","28 JUL tue","17:00","STARTS","Doomsday"
"regular","28 JUL tue","17:00","STARTS","Lava Fountain Trial"
"regular","28 JUL tue","17:00","STARTS","Pursuit of Experience"
"regular","29 JUL wed","17:00","ENDS","Pharaoh's Bazaar"
"regular","29 JUL wed","17:00","ENDS","Summon Mastery"
"regular","29 JUL wed","17:00","ENDS","Doomsday"
"regular","29 JUL wed","17:00","ENDS","Lava Fountain Trial"
"regular","29 JUL wed","17:00","ENDS","Pursuit of Experience"
"regular","29 JUL wed","17:00","CONTINUE","SEASONAL KINGDOM"
"regular","29 JUL wed","17:00","CONTINUE","Triumphal Challenge!"
"regular","29 JUL wed","17:00","CONTINUE","TRIALS OF OLYMPUS"
"regular","29 JUL wed","17:00","STARTS","Summon Mastery"
"regular","29 JUL wed","17:00","STARTS","Arachne's Swarm"
"regular","29 JUL wed","17:00","STARTS","Pursuit of Lava Oil"
"regular","29 JUL wed","17:00","STARTS","Trial of Tartaros"
"regular","29 JUL wed","17:10","ENDS","Sealed in Flame"
"regular","30 JUL thu","17:00","ENDS","Arachne's Swarm"
"regular","30 JUL thu","17:00","ENDS","Pursuit of Lava Oil"
"regular","30 JUL thu","17:00","ENDS","Trial of Tartaros"
"regular","30 JUL thu","17:00","CONTINUE","SEASONAL KINGDOM"
"regular","30 JUL thu","17:00","CONTINUE","Triumphal Challenge!"
"regular","30 JUL thu","17:00","CONTINUE","TRIALS OF OLYMPUS"
"regular","30 JUL thu","17:00","CONTINUE","Summon Mastery"
"regular","30 JUL thu","17:00","STARTS","Ruthless Slaughter"
"regular","30 JUL thu","17:00","STARTS","Trial of Briareus"
"regular","30 JUL thu","17:00","STARTS","Ancients' Treasure"
"regular","31 JUL fri","16:30","ENDS","Ancients' Treasure"
"regular","31 JUL fri","17:00","ENDS","Summon Mastery"
"regular","31 JUL fri","17:00","ENDS","Ruthless Slaughter"
"regular","31 JUL fri","17:00","ENDS","Trial of Briareus"
"regular","31 JUL fri","17:00","CONTINUE","SEASONAL KINGDOM"
"regular","31 JUL fri","17:00","CONTINUE","Triumphal Challenge!"
"regular","31 JUL fri","17:00","STARTS","Clash for the Throne"
"regular","31 JUL fri","17:00","STARTS","Summon Mastery"
"regular","31 JUL fri","17:00","STARTS","Rise of the Ancients"
"regular","31 JUL fri","17:00","STARTS","Trade Routes"
"regular","31 JUL fri","18:00","ENDS","TRIALS OF OLYMPUS"
"regular","01 AUG sat","17:00","ENDS","Rise of the Ancients"
"regular","01 AUG sat","17:00","ENDS","Trade Routes"
"regular","01 AUG sat","17:00","CONTINUE","SEASONAL KINGDOM"
"regular","01 AUG sat","17:00","CONTINUE","Triumphal Challenge!"
"regular","01 AUG sat","17:00","CONTINUE","Clash for the Throne"
"regular","01 AUG sat","17:00","CONTINUE","Summon Mastery"
"regular","01 AUG sat","17:00","STARTS","Ragnarök"
"regular","02 AUG sun","17:00","ENDS","Clash for the Throne"
"regular","02 AUG sun","17:00","ENDS","Summon Mastery"
"regular","02 AUG sun","17:00","CONTINUE","SEASONAL KINGDOM"
"regular","02 AUG sun","17:00","CONTINUE","Triumphal Challenge!"
"regular","02 AUG sun","17:00","CONTINUE","Ragnarök"
"regular","02 AUG sun","17:00","STARTS","Summon Mastery"
"regular","02 AUG sun","17:00","STARTS","Clash for the Throne"
"regular","03 AUG mon","17:00","ENDS","Ragnarök"
"regular","03 AUG mon","17:00","ENDS","Clash for the Throne"
"regular","03 AUG mon","17:00","CONTINUE","SEASONAL KINGDOM"
"regular","03 AUG mon","17:00","CONTINUE","Triumphal Challenge!"
"regular","03 AUG mon","17:00","CONTINUE","Summon Mastery"
"regular","03 AUG mon","17:00","STARTS","Lucky Bazaar"
"regular","04 AUG tue","17:00","ENDS","Summon Mastery"
"regular","04 AUG tue","17:00","CONTINUE","SEASONAL KINGDOM"
"regular","04 AUG tue","17:00","CONTINUE","Triumphal Challenge!"
"regular","04 AUG tue","17:00","CONTINUE","Lucky Bazaar"
"regular","04 AUG tue","17:00","STARTS","Summon Mastery"
"regular","04 AUG tue","17:00","STARTS","Sacred Rituals"
"regular","05 AUG wed","17:00","ENDS","Sacred Rituals"
"regular","05 AUG wed","17:00","CONTINUE","SEASONAL KINGDOM"
"regular","05 AUG wed","17:00","CONTINUE","Triumphal Challenge!"
"regular","05 AUG wed","17:00","CONTINUE","Lucky Bazaar"
"regular","05 AUG wed","17:00","CONTINUE","Summon Mastery"
"regular","06 AUG thu","17:00","ENDS","Summon Mastery"
"regular","06 AUG thu","17:00","CONTINUE","SEASONAL KINGDOM"
"regular","06 AUG thu","17:00","CONTINUE","Triumphal Challenge!"
"regular","06 AUG thu","17:00","CONTINUE","Lucky Bazaar"
"regular","06 AUG thu","17:00","STARTS","Summon Mastery"
"regular","07 AUG fri","17:00","CONTINUE","SEASONAL KINGDOM"
"regular","07 AUG fri","17:00","CONTINUE","Triumphal Challenge!"
"regular","07 AUG fri","17:00","CONTINUE","Lucky Bazaar"
"regular","07 AUG fri","17:00","CONTINUE","Summon Mastery"
"regular","07 AUG fri","17:00","STARTS","Armageddon"
"regular","08 AUG sat","17:00","ENDS","Summon Mastery"
"regular","08 AUG sat","17:00","CONTINUE","SEASONAL KINGDOM"
"regular","08 AUG sat","17:00","CONTINUE","Triumphal Challenge!"
"regular","08 AUG sat","17:00","CONTINUE","Lucky Bazaar"
"regular","08 AUG sat","17:00","CONTINUE","Armageddon"
"regular","08 AUG sat","17:00","STARTS","Summon Mastery"
"regular","08 AUG sat","17:00","STARTS","Authority Rush"
"regular","09 AUG sun","17:00","ENDS","Lucky Bazaar"
"regular","09 AUG sun","17:00","ENDS","Armageddon"
"regular","09 AUG sun","17:00","ENDS","Authority Rush"
"regular","09 AUG sun","17:00","CONTINUE","SEASONAL KINGDOM"
"regular","09 AUG sun","17:00","CONTINUE","Triumphal Challenge!"
"regular","09 AUG sun","17:00","CONTINUE","Summon Mastery"
"regular","10 AUG mon","09:00","ENDS","SEASONAL KINGDOM"
"regular","10 AUG mon","09:00","STARTS","Season's Legacy"
"regular","10 AUG mon","17:00","ENDS","Summon Mastery"
"regular","10 AUG mon","17:00","CONTINUE","Triumphal Challenge!"
"regular","10 AUG mon","17:00","STARTS","DARK OMENS"
"regular","10 AUG mon","17:00","STARTS","Summon Mastery"
"regular","11 AUG tue","17:00","CONTINUE","Triumphal Challenge!"
"regular","11 AUG tue","17:00","CONTINUE","Season's Legacy"
"regular","11 AUG tue","17:00","CONTINUE","DARK OMENS"
"regular","11 AUG tue","17:00","CONTINUE","Summon Mastery"
"regular","12 AUG wed","17:00","ENDS","DARK OMENS"
"regular","12 AUG wed","17:00","ENDS","Summon Mastery"
"regular","12 AUG wed","17:00","CONTINUE","Triumphal Challenge!"
"regular","12 AUG wed","17:00","CONTINUE","Season's Legacy"
"regular","12 AUG wed","17:00","STARTS","Summon Mastery"
"regular","13 AUG thu","17:00","CONTINUE","Triumphal Challenge!"
"regular","13 AUG thu","17:00","CONTINUE","Season's Legacy"
"regular","13 AUG thu","17:00","CONTINUE","Summon Mastery"
"regular","13 AUG thu","17:00","STARTS","Shadow Invasion"
"regular","14 AUG fri","17:00","ENDS","Summon Mastery"
"regular","14 AUG fri","17:00","CONTINUE","Triumphal Challenge!"
"regular","14 AUG fri","17:00","CONTINUE","Season's Legacy"
"regular","14 AUG fri","17:00","CONTINUE","Shadow Invasion"
"regular","14 AUG fri","17:00","STARTS","Dragon Fair"
"regular","14 AUG fri","17:00","STARTS","Summon Mastery"
"regular","15 AUG sat","17:00","ENDS","Shadow Invasion"
"regular","15 AUG sat","17:00","CONTINUE","Triumphal Challenge!"
"regular","15 AUG sat","17:00","CONTINUE","Season's Legacy"
"regular","15 AUG sat","17:00","CONTINUE","Dragon Fair"
"regular","15 AUG sat","17:00","CONTINUE","Summon Mastery"
"regular","16 AUG sun","17:00","ENDS","Dragon Fair"
"regular","16 AUG sun","17:00","ENDS","Summon Mastery"
"regular","16 AUG sun","17:00","CONTINUE","Triumphal Challenge!"
"regular","16 AUG sun","17:00","CONTINUE","Season's Legacy"
"regular","16 AUG sun","17:00","STARTS","Summon Mastery"
"regular","17 AUG mon","17:00","CONTINUE","Triumphal Challenge!"
"regular","17 AUG mon","17:00","CONTINUE","Season's Legacy"
"regular","17 AUG mon","17:00","CONTINUE","Summon Mastery"
"regular","18 AUG tue","17:00","ENDS","Summon Mastery"
"regular","18 AUG tue","17:00","CONTINUE","Triumphal Challenge!"
"regular","18 AUG tue","17:00","CONTINUE","Season's Legacy"
"regular","18 AUG tue","17:00","STARTS","Summon Mastery"
"regular","18 AUG tue","17:00","STARTS","Closing the Gap"
"regular","19 AUG wed","17:00","ENDS","Closing the Gap"
"regular","19 AUG wed","17:00","CONTINUE","Triumphal Challenge!"
"regular","19 AUG wed","17:00","CONTINUE","Season's Legacy"
"regular","19 AUG wed","17:00","CONTINUE","Summon Mastery"
"regular","20 AUG thu","17:00","ENDS","Summon Mastery"
"regular","20 AUG thu","17:00","CONTINUE","Triumphal Challenge!"
"regular","20 AUG thu","17:00","CONTINUE","Season's Legacy"
"regular","21 AUG fri","17:00","CONTINUE","Triumphal Challenge!"
"regular","21 AUG fri","17:00","CONTINUE","Season's Legacy"
"regular","22 AUG sat","17:00","CONTINUE","Triumphal Challenge!"
"regular","22 AUG sat","17:00","CONTINUE","Season's Legacy"
"regular","23 AUG sun","17:00","ENDS","Triumphal Challenge!"
"regular","23 AUG sun","17:00","CONTINUE","Season's Legacy"
"regular","24 AUG mon","17:00","CONTINUE","Season's Legacy"
"regular","24 AUG mon","17:00","STARTS","Summon Mastery"
"regular","25 AUG tue","17:00","CONTINUE","Season's Legacy"
"regular","25 AUG tue","17:00","CONTINUE","Summon Mastery"
"regular","26 AUG wed","17:00","ENDS","Summon Mastery"
"regular","26 AUG wed","17:00","CONTINUE","Season's Legacy"
"regular","27 AUG thu","17:00","CONTINUE","Season's Legacy"
"regular","28 AUG fri","17:00","CONTINUE","Season's Legacy"
"regular","29 AUG sat","17:00","CONTINUE","Season's Legacy"
"regular","30 AUG sun","17:00","CONTINUE","Season's Legacy"
"regular","30 AUG sun","17:00","STARTS","Summon Mastery"
"regular","31 AUG mon","17:00","CONTINUE","Season's Legacy"
"regular","31 AUG mon","17:00","CONTINUE","Summon Mastery"
"regular","01 SEP tue","17:00","ENDS","Summon Mastery"
"regular","01 SEP tue","17:00","CONTINUE","Season's Legacy"
"regular","02 SEP wed","17:00","CONTINUE","Season's Legacy"
"regular","03 SEP thu","17:00","CONTINUE","Season's Legacy"
"regular","04 SEP fri","17:00","CONTINUE","Season's Legacy"
"regular","05 SEP sat","17:00","CONTINUE","Season's Legacy"
"regular","05 SEP sat","17:00","STARTS","Summon Mastery"
"regular","06 SEP sun","17:00","ENDS","Season's Legacy"
"regular","06 SEP sun","17:00","CONTINUE","Summon Mastery"
"regular","07 SEP mon","17:00","ENDS","Summon Mastery"
"season","27 JUL mon","17:00","ENDS","Immortal Essence"
"season","27 JUL mon","17:00","ENDS","Pursuit of Evolution"
"season","27 JUL mon","17:00","ENDS","Ragnarök"
"season","27 JUL mon","17:00","ENDS","Summon Mastery"
"season","27 JUL mon","17:00","ENDS","The Great Hunt"
"season","27 JUL mon","17:00","CONTINUE","Forest Mysteries"
"season","27 JUL mon","17:00","CONTINUE","Path of Legend"
"season","27 JUL mon","17:00","CONTINUE","Pinnacle of Warfare"
"season","27 JUL mon","17:00","CONTINUE","SEASONAL KINGDOM"
"season","27 JUL mon","17:00","CONTINUE","Triumphal Challenge!"
"season","27 JUL mon","17:00","CONTINUE","Gifts of the Forest"
"season","27 JUL mon","17:00","STARTS","Dragon Fair"
"season","27 JUL mon","17:00","STARTS","Doomsday"
"season","27 JUL mon","17:00","STARTS","Pursuit of Experience"
"season","27 JUL mon","17:00","STARTS","Shadow Invasion"
"season","27 JUL mon","17:00","STARTS","Summon Mastery"
"season","28 JUL tue","17:00","ENDS","Doomsday"
"season","28 JUL tue","17:00","ENDS","Pursuit of Experience"
"season","28 JUL tue","17:00","ENDS","Shadow Invasion"
"season","28 JUL tue","17:00","ENDS","Summon Mastery"
"season","28 JUL tue","17:00","CONTINUE","Forest Mysteries"
"season","28 JUL tue","17:00","CONTINUE","Path of Legend"
"season","28 JUL tue","17:00","CONTINUE","Pinnacle of Warfare"
"season","28 JUL tue","17:00","CONTINUE","SEASONAL KINGDOM"
"season","28 JUL tue","17:00","CONTINUE","Triumphal Challenge!"
"season","28 JUL tue","17:00","CONTINUE","Gifts of the Forest"
"season","28 JUL tue","17:00","CONTINUE","Dragon Fair"
"season","28 JUL tue","17:00","STARTS","Ancients' Treasure"
"season","28 JUL tue","17:00","STARTS","Armageddon"
"season","28 JUL tue","17:00","STARTS","Clash of Kingdoms"
"season","28 JUL tue","17:00","STARTS","Ruthless Slaughter"
"season","28 JUL tue","17:00","STARTS","Summon Mastery"
"season","29 JUL wed","17:00","ENDS","Gifts of the Forest"
"season","29 JUL wed","17:00","ENDS","Dragon Fair"
"season","29 JUL wed","17:00","ENDS","Ancients' Treasure"
"season","29 JUL wed","17:00","ENDS","Armageddon"
"season","29 JUL wed","17:00","ENDS","Clash of Kingdoms"
"season","29 JUL wed","17:00","ENDS","Ruthless Slaughter"
"season","29 JUL wed","17:00","ENDS","Summon Mastery"
"season","29 JUL wed","17:00","CONTINUE","Forest Mysteries"
"season","29 JUL wed","17:00","CONTINUE","Path of Legend"
"season","29 JUL wed","17:00","CONTINUE","Pinnacle of Warfare"
"season","29 JUL wed","17:00","CONTINUE","SEASONAL KINGDOM"
"season","29 JUL wed","17:00","CONTINUE","Triumphal Challenge!"
"season","29 JUL wed","17:00","STARTS","Nisse Invasion"
"season","29 JUL wed","17:00","STARTS","Hellforge"
"season","29 JUL wed","17:00","STARTS","Rise of the Ancients"
"season","29 JUL wed","17:00","STARTS","Summon Mastery"
"season","30 JUL thu","17:00","ENDS","Hellforge"
"season","30 JUL thu","17:00","ENDS","Rise of the Ancients"
"season","30 JUL thu","17:00","ENDS","Summon Mastery"
"season","30 JUL thu","17:00","CONTINUE","Forest Mysteries"
"season","30 JUL thu","17:00","CONTINUE","Path of Legend"
"season","30 JUL thu","17:00","CONTINUE","Pinnacle of Warfare"
"season","30 JUL thu","17:00","CONTINUE","SEASONAL KINGDOM"
"season","30 JUL thu","17:00","CONTINUE","Triumphal Challenge!"
"season","30 JUL thu","17:00","CONTINUE","Nisse Invasion"
"season","30 JUL thu","17:00","STARTS","Arachne's Swarm"
"season","30 JUL thu","17:00","STARTS","Summon Mastery"
"season","31 JUL fri","17:00","ENDS","Arachne's Swarm"
"season","31 JUL fri","17:00","ENDS","Summon Mastery"
"season","31 JUL fri","17:00","CONTINUE","Forest Mysteries"
"season","31 JUL fri","17:00","CONTINUE","Path of Legend"
"season","31 JUL fri","17:00","CONTINUE","Pinnacle of Warfare"
"season","31 JUL fri","17:00","CONTINUE","SEASONAL KINGDOM"
"season","31 JUL fri","17:00","CONTINUE","Triumphal Challenge!"
"season","31 JUL fri","17:00","CONTINUE","Nisse Invasion"
"season","31 JUL fri","17:00","STARTS","Summon Mastery"
"season","01 AUG sat","17:00","ENDS","Summon Mastery"
"season","01 AUG sat","17:00","CONTINUE","Forest Mysteries"
"season","01 AUG sat","17:00","CONTINUE","Path of Legend"
"season","01 AUG sat","17:00","CONTINUE","Pinnacle of Warfare"
"season","01 AUG sat","17:00","CONTINUE","SEASONAL KINGDOM"
"season","01 AUG sat","17:00","CONTINUE","Triumphal Challenge!"
"season","01 AUG sat","17:00","CONTINUE","Nisse Invasion"
"season","01 AUG sat","17:00","STARTS","Authority Rush"
"season","01 AUG sat","17:00","STARTS","Clash for the Throne"
"season","01 AUG sat","17:00","STARTS","Conquerors' Revival"
"season","01 AUG sat","17:00","STARTS","Summon Mastery"
"season","01 AUG sat","17:00","STARTS","Thirst for Battle"
"season","02 AUG sun","17:00","ENDS","Authority Rush"
"season","02 AUG sun","17:00","ENDS","Clash for the Throne"
"season","02 AUG sun","17:00","ENDS","Conquerors' Revival"
"season","02 AUG sun","17:00","ENDS","Summon Mastery"
"season","02 AUG sun","17:00","ENDS","Thirst for Battle"
"season","02 AUG sun","17:00","CONTINUE","Forest Mysteries"
"season","02 AUG sun","17:00","CONTINUE","Path of Legend"
"season","02 AUG sun","17:00","CONTINUE","Pinnacle of Warfare"
"season","02 AUG sun","17:00","CONTINUE","SEASONAL KINGDOM"
"season","02 AUG sun","17:00","CONTINUE","Triumphal Challenge!"
"season","02 AUG sun","17:00","CONTINUE","Nisse Invasion"
"season","02 AUG sun","17:00","STARTS","Clash for the Throne"
"season","02 AUG sun","17:00","STARTS","Summon Mastery"
"season","03 AUG mon","17:00","ENDS","Clash for the Throne"
"season","03 AUG mon","17:00","ENDS","Summon Mastery"
"season","03 AUG mon","17:00","CONTINUE","Forest Mysteries"
"season","03 AUG mon","17:00","CONTINUE","Path of Legend"
"season","03 AUG mon","17:00","CONTINUE","Pinnacle of Warfare"
"season","03 AUG mon","17:00","CONTINUE","SEASONAL KINGDOM"
"season","03 AUG mon","17:00","CONTINUE","Triumphal Challenge!"
"season","03 AUG mon","17:00","CONTINUE","Nisse Invasion"
"season","03 AUG mon","17:00","STARTS","Summon Mastery"
"season","04 AUG tue","17:00","ENDS","Summon Mastery"
"season","04 AUG tue","17:00","CONTINUE","Forest Mysteries"
"season","04 AUG tue","17:00","CONTINUE","Path of Legend"
"season","04 AUG tue","17:00","CONTINUE","Pinnacle of Warfare"
"season","04 AUG tue","17:00","CONTINUE","SEASONAL KINGDOM"
"season","04 AUG tue","17:00","CONTINUE","Triumphal Challenge!"
"season","04 AUG tue","17:00","CONTINUE","Nisse Invasion"
"season","04 AUG tue","17:00","STARTS","Lucky Bazaar"
"season","04 AUG tue","17:00","STARTS","Summon Mastery"
"season","05 AUG wed","17:00","ENDS","Summon Mastery"
"season","05 AUG wed","17:00","CONTINUE","Forest Mysteries"
"season","05 AUG wed","17:00","CONTINUE","Path of Legend"
"season","05 AUG wed","17:00","CONTINUE","Pinnacle of Warfare"
"season","05 AUG wed","17:00","CONTINUE","SEASONAL KINGDOM"
"season","05 AUG wed","17:00","CONTINUE","Triumphal Challenge!"
"season","05 AUG wed","17:00","CONTINUE","Nisse Invasion"
"season","05 AUG wed","17:00","CONTINUE","Lucky Bazaar"
"season","05 AUG wed","17:00","STARTS","Summon Mastery"
"season","06 AUG thu","17:00","ENDS","Summon Mastery"
"season","06 AUG thu","17:00","CONTINUE","Forest Mysteries"
"season","06 AUG thu","17:00","CONTINUE","Path of Legend"
"season","06 AUG thu","17:00","CONTINUE","Pinnacle of Warfare"
"season","06 AUG thu","17:00","CONTINUE","SEASONAL KINGDOM"
"season","06 AUG thu","17:00","CONTINUE","Triumphal Challenge!"
"season","06 AUG thu","17:00","CONTINUE","Nisse Invasion"
"season","06 AUG thu","17:00","CONTINUE","Lucky Bazaar"
"season","06 AUG thu","17:00","STARTS","Summon Mastery"
"season","07 AUG fri","17:00","ENDS","Summon Mastery"
"season","07 AUG fri","17:00","CONTINUE","Forest Mysteries"
"season","07 AUG fri","17:00","CONTINUE","Path of Legend"
"season","07 AUG fri","17:00","CONTINUE","Pinnacle of Warfare"
"season","07 AUG fri","17:00","CONTINUE","SEASONAL KINGDOM"
"season","07 AUG fri","17:00","CONTINUE","Triumphal Challenge!"
"season","07 AUG fri","17:00","CONTINUE","Nisse Invasion"
"season","07 AUG fri","17:00","CONTINUE","Lucky Bazaar"
"season","07 AUG fri","17:00","STARTS","Summon Mastery"
"season","08 AUG sat","17:00","ENDS","Summon Mastery"
"season","08 AUG sat","17:00","CONTINUE","Forest Mysteries"
"season","08 AUG sat","17:00","CONTINUE","Path of Legend"
"season","08 AUG sat","17:00","CONTINUE","Pinnacle of Warfare"
"season","08 AUG sat","17:00","CONTINUE","SEASONAL KINGDOM"
"season","08 AUG sat","17:00","CONTINUE","Triumphal Challenge!"
"season","08 AUG sat","17:00","CONTINUE","Nisse Invasion"
"season","08 AUG sat","17:00","CONTINUE","Lucky Bazaar"
"season","08 AUG sat","17:00","STARTS","Sacred Rituals"
"season","09 AUG sun","17:00","ENDS","Sacred Rituals"
"season","09 AUG sun","17:00","CONTINUE","Forest Mysteries"
"season","09 AUG sun","17:00","CONTINUE","Path of Legend"
"season","09 AUG sun","17:00","CONTINUE","Pinnacle of Warfare"
"season","09 AUG sun","17:00","CONTINUE","SEASONAL KINGDOM"
"season","09 AUG sun","17:00","CONTINUE","Triumphal Challenge!"
"season","09 AUG sun","17:00","CONTINUE","Nisse Invasion"
"season","09 AUG sun","17:00","CONTINUE","Lucky Bazaar"
"season","10 AUG mon","09:00","ENDS","Forest Mysteries"
"season","10 AUG mon","09:00","ENDS","Path of Legend"
"season","10 AUG mon","09:00","ENDS","Pinnacle of Warfare"
"season","10 AUG mon","09:00","ENDS","SEASONAL KINGDOM"
"season","10 AUG mon","09:00","STARTS","Season's Legacy"
"season","10 AUG mon","17:00","ENDS","Nisse Invasion"
"season","10 AUG mon","17:00","ENDS","Lucky Bazaar"
"season","10 AUG mon","17:00","CONTINUE","Triumphal Challenge!"
"season","11 AUG tue","17:00","CONTINUE","Triumphal Challenge!"
"season","11 AUG tue","17:00","CONTINUE","Season's Legacy"
"season","12 AUG wed","17:00","CONTINUE","Triumphal Challenge!"
"season","12 AUG wed","17:00","CONTINUE","Season's Legacy"
"season","13 AUG thu","17:00","CONTINUE","Triumphal Challenge!"
"season","13 AUG thu","17:00","CONTINUE","Season's Legacy"
"season","14 AUG fri","17:00","CONTINUE","Triumphal Challenge!"
"season","14 AUG fri","17:00","CONTINUE","Season's Legacy"
"season","15 AUG sat","17:00","CONTINUE","Triumphal Challenge!"
"season","15 AUG sat","17:00","CONTINUE","Season's Legacy"
"season","16 AUG sun","17:00","CONTINUE","Triumphal Challenge!"
"season","16 AUG sun","17:00","CONTINUE","Season's Legacy"
"season","17 AUG mon","17:00","CONTINUE","Triumphal Challenge!"
"season","17 AUG mon","17:00","CONTINUE","Season's Legacy"
"season","18 AUG tue","17:00","CONTINUE","Triumphal Challenge!"
"season","18 AUG tue","17:00","CONTINUE","Season's Legacy"
"season","18 AUG tue","17:00","STARTS","Closing the Gap"
"season","19 AUG wed","17:00","ENDS","Closing the Gap"
"season","19 AUG wed","17:00","CONTINUE","Triumphal Challenge!"
"season","19 AUG wed","17:00","CONTINUE","Season's Legacy"
"season","20 AUG thu","17:00","CONTINUE","Triumphal Challenge!"
"season","20 AUG thu","17:00","CONTINUE","Season's Legacy"
"season","21 AUG fri","17:00","CONTINUE","Triumphal Challenge!"
"season","21 AUG fri","17:00","CONTINUE","Season's Legacy"
"season","22 AUG sat","17:00","CONTINUE","Triumphal Challenge!"
"season","22 AUG sat","17:00","CONTINUE","Season's Legacy"
"season","23 AUG sun","17:00","ENDS","Triumphal Challenge!"
"season","23 AUG sun","17:00","CONTINUE","Season's Legacy"
"season","24 AUG mon","17:00","CONTINUE","Season's Legacy"
"season","25 AUG tue","17:00","CONTINUE","Season's Legacy"
"season","26 AUG wed","17:00","CONTINUE","Season's Legacy"
"season","27 AUG thu","17:00","CONTINUE","Season's Legacy"
"season","28 AUG fri","17:00","CONTINUE","Season's Legacy"
"season","29 AUG sat","17:00","CONTINUE","Season's Legacy"
"season","30 AUG sun","17:00","CONTINUE","Season's Legacy"
"season","31 AUG mon","17:00","CONTINUE","Season's Legacy"
"season","01 SEP tue","17:00","CONTINUE","Season's Legacy"
"season","02 SEP wed","17:00","CONTINUE","Season's Legacy"
"season","03 SEP thu","17:00","CONTINUE","Season's Legacy"
"season","04 SEP fri","17:00","CONTINUE","Season's Legacy"
"season","05 SEP sat","17:00","CONTINUE","Season's Legacy"
"season","06 SEP sun","17:00","ENDS","Season's Legacy"